Workbook

Sheet 송파구 집계
A1: 송파구 투표 집계표
A2: ※ 당원투표(C열)와 일반(안심번호)(D열)에 숫자를 직접 입력하세요. 합계는 자동 계산됩니다.
A3: 단위 | B3: 동명 | C3: 당원투표 | D3: 일반(안심번호) | E3: 합계 | F3: 비고
A4: ▶ 갑선거구 (9개 동)
B5: 풍납1동 | C5: 0 | D5: 0 | E5: =C5+D5 -> 0
B6: 풍납2동 | C6: 0 | D6: 0 | E6: =C6+D6 -> 0
B7: 방이1동 | C7: 0 | D7: 0 | E7: =C7+D7 -> 0
B8: 방이2동 | C8: 0 | D8: 0 | E8: =C8+D8 -> 0
B9: 오륜동 | C9: 0 | D9: 0 | E9: =C9+D9 -> 0
B10: 송파1동 | C10: 0 | D10: 0 | E10: =C10+D10 -> 0
B11: 송파2동 | C11: 0 | D11: 0 | E11: =C11+D11 -> 0
B12: 잠실4동 | C12: 0 | D12: 0 | E12: =C12+D12 -> 0
B13: 잠실6동 | C13: 0 | D13: 0 | E13: =C13+D13 -> 0
B14: 갑 소계 | C14: =SUM(C4:C13) -> 0 | D14: =SUM(D4:D13) -> 0 | E14: =C14+D14 -> 0
A15: ▶ 을선거구 (8개 동)
B16: 잠실본동 | C16: 0 | D16: 0 | E16: =C16+D16 -> 0
B17: 잠실2동 | C17: 0 | D17: 0 | E17: =C17+D17 -> 0
B18: 잠실3동 | C18: 0 | D18: 0 | E18: =C18+D18 -> 0
B19: 잠실7동 | C19: 0 | D19: 0 | E19: =C19+D19 -> 0
B20: 석촌동 | C20: 0 | D20: 0 | E20: =C20+D20 -> 0
B21: 삼전동 | C21: 0 | D21: 0 | E21: =C21+D21 -> 0
B22: 가락1동 | C22: 0 | D22: 0 | E22: =C22+D22 -> 0
B23: 문정2동 | C23: 0 | D23: 0 | E23: =C23+D23 -> 0
B24: 을 소계 | C24: =SUM(C15:C23) -> 0 | D24: =SUM(D15:D23) -> 0 | E24: =C24+D24 -> 0
A25: ▶ 병선거구 (10개 동)
B26: 거여1동 | C26: 0 | D26: 0 | E26: =C26+D26 -> 0
B27: 거여2동 | C27: 0 | D27: 0 | E27: =C27+D27 -> 0
B28: 마천1동 | C28: 0 | D28: 0 | E28: =C28+D28 -> 0
B29: 마천2동 | C29: 0 | D29: 0 | E29: =C29+D29 -> 0
B30: 오금동 | C30: 0 | D30: 0 | E30: =C30+D30 -> 0
B31: 가락본동 | C31: 0 | D31: 0 | E31: =C31+D31 -> 0
B32: 가락2동 | C32: 0 | D32: 0 | E32: =C32+D32 -> 0
B33: 문정1동 | C33: 0 | D33: 0 | E33: =C33+D33 -> 0
B34: 장지동 | C34: 0 | D34: 0 | E34: =C34+D34 -> 0
B35: 위례동 | C35: 0 | D35: 0 | E35: =C35+D35 -> 0
B36: 병 소계 | C36: =SUM(C25:C35) -> 0 | D36: =SUM(D25:D35) -> 0 | E36: =C36+D36 -> 0
A37: 송파구 전체 합계 | C37: =C14+C24+C36 -> 0 | D37: =D14+D24+D36 -> 0 | E37: =C37+D37 -> 0

Sheet 차트
B2: 구분 | C2: 당원투표 | D2: 일반(안심번호) | E2: 합계
B3: 갑선거구 | C3: ='송파구 집계'!C14 -> 0 | D3: ='송파구 집계'!D14 -> 0 | E3: ='송파구 집계'!E14 -> 0
B4: 을선거구 | C4: ='송파구 집계'!C24 -> 0 | D4: ='송파구 집계'!D24 -> 0 | E4: ='송파구 집계'!E24 -> 0
B5: 병선거구 | C5: ='송파구 집계'!C36 -> 0 | D5: ='송파구 집계'!D36 -> 0 | E5: ='송파구 집계'!E36 -> 0
B27: ▶ 동별 세부 현황 (차트 원본 데이터)
B28: 단위 | C28: 동명 | D28: 당원투표 | E28: 일반(안심번호) | F28: 합계
B29: 갑 | C29: 풍납1동 | D29: ='송파구 집계'!C5 -> 0 | E29: ='송파구 집계'!D5 -> 0 | F29: ='송파구 집계'!E5 -> 0
B30: 갑 | C30: 풍납2동 | D30: ='송파구 집계'!C6 -> 0 | E30: ='송파구 집계'!D6 -> 0 | F30: ='송파구 집계'!E6 -> 0
B31: 갑 | C31: 방이1동 | D31: ='송파구 집계'!C7 -> 0 | E31: ='송파구 집계'!D7 -> 0 | F31: ='송파구 집계'!E7 -> 0
B32: 갑 | C32: 방이2동 | D32: ='송파구 집계'!C8 -> 0 | E32: ='송파구 집계'!D8 -> 0 | F32: ='송파구 집계'!E8 -> 0
B33: 갑 | C33: 오륜동 | D33: ='송파구 집계'!C9 -> 0 | E33: ='송파구 집계'!D9 -> 0 | F33: ='송파구 집계'!E9 -> 0
B34: 갑 | C34: 송파1동 | D34: ='송파구 집계'!C10 -> 0 | E34: ='송파구 집계'!D10 -> 0 | F34: ='송파구 집계'!E10 -> 0
B35: 갑 | C35: 송파2동 | D35: ='송파구 집계'!C11 -> 0 | E35: ='송파구 집계'!D11 -> 0 | F35: ='송파구 집계'!E11 -> 0
B36: 갑 | C36: 잠실4동 | D36: ='송파구 집계'!C12 -> 0 | E36: ='송파구 집계'!D12 -> 0 | F36: ='송파구 집계'!E12 -> 0
B37: 갑 | C37: 잠실6동 | D37: ='송파구 집계'!C13 -> 0 | E37: ='송파구 집계'!D13 -> 0 | F37: ='송파구 집계'!E13 -> 0
B38: 을 | C38: 잠실본동 | D38: ='송파구 집계'!C16 -> 0 | E38: ='송파구 집계'!D16 -> 0 | F38: ='송파구 집계'!E16 -> 0
B39: 을 | C39: 잠실2동 | D39: ='송파구 집계'!C17 -> 0 | E39: ='송파구 집계'!D17 -> 0 | F39: ='송파구 집계'!E17 -> 0
B40: 을 | C40: 잠실3동 | D40: ='송파구 집계'!C18 -> 0 | E40: ='송파구 집계'!D18 -> 0 | F40: ='송파구 집계'!E18 -> 0
B41: 을 | C41: 잠실7동 | D41: ='송파구 집계'!C19 -> 0 | E41: ='송파구 집계'!D19 -> 0 | F41: ='송파구 집계'!E19 -> 0
B42: 을 | C42: 석촌동 | D42: ='송파구 집계'!C20 -> 0 | E42: ='송파구 집계'!D20 -> 0 | F42: ='송파구 집계'!E20 -> 0
B43: 을 | C43: 삼전동 | D43: ='송파구 집계'!C21 -> 0 | E43: ='송파구 집계'!D21 -> 0 | F43: ='송파구 집계'!E21 -> 0
B44: 을 | C44: 가락1동 | D44: ='송파구 집계'!C22 -> 0 | E44: ='송파구 집계'!D22 -> 0 | F44: ='송파구 집계'!E22 -> 0
B45: 을 | C45: 문정2동 | D45: ='송파구 집계'!C23 -> 0 | E45: ='송파구 집계'!D23 -> 0 | F45: ='송파구 집계'!E23 -> 0
B46: 병 | C46: 거여1동 | D46: ='송파구 집계'!C26 -> 0 | E46: ='송파구 집계'!D26 -> 0 | F46: ='송파구 집계'!E26 -> 0
B47: 병 | C47: 거여2동 | D47: ='송파구 집계'!C27 -> 0 | E47: ='송파구 집계'!D27 -> 0 | F47: ='송파구 집계'!E27 -> 0
B48: 병 | C48: 마천1동 | D48: ='송파구 집계'!C28 -> 0 | E48: ='송파구 집계'!D28 -> 0 | F48: ='송파구 집계'!E28 -> 0
B49: 병 | C49: 마천2동 | D49: ='송파구 집계'!C29 -> 0 | E49: ='송파구 집계'!D29 -> 0 | F49: ='송파구 집계'!E29 -> 0
B50: 병 | C50: 오금동 | D50: ='송파구 집계'!C30 -> 0 | E50: ='송파구 집계'!D30 -> 0 | F50: ='송파구 집계'!E30 -> 0
B51: 병 | C51: 가락본동 | D51: ='송파구 집계'!C31 -> 0 | E51: ='송파구 집계'!D31 -> 0 | F51: ='송파구 집계'!E31 -> 0
B52: 병 | C52: 가락2동 | D52: ='송파구 집계'!C32 -> 0 | E52: ='송파구 집계'!D32 -> 0 | F52: ='송파구 집계'!E32 -> 0
B53: 병 | C53: 문정1동 | D53: ='송파구 집계'!C33 -> 0 | E53: ='송파구 집계'!D33 -> 0 | F53: ='송파구 집계'!E33 -> 0
B54: 병 | C54: 장지동 | D54: ='송파구 집계'!C34 -> 0 | E54: ='송파구 집계'!D34 -> 0 | F54: ='송파구 집계'!E34 -> 0
B55: 병 | C55: 위례동 | D55: ='송파구 집계'!C35 -> 0 | E55: ='송파구 집계'!D35 -> 0 | F55: ='송파구 집계'!E35 -> 0
